customer_id,customer_name,customer_type,status,market_name,state,month,crm_revenue,billing_revenue,gl_revenue,crm_vs_billing_variance,billing_vs_gl_variance,crm_vs_gl_variance,crm_vs_gl_variance_pct
1,James Simmons,Residential,Churned,Sandpoint,ID,2025-06,147.46,145.07,145.54,2.390000000000015,-0.46999999999999886,1.920000000000016,1.32
2,Christopher Buchanan,Residential,Churned,Centennial,CO,2025-06,130.03,129.94,131.3,0.09000000000000341,-1.3600000000000136,-1.2700000000000102,-0.97
3,Brandon Johnson,Business,Churned,Charlottesville,VA,2025-06,93.23,93.02,94.35,0.21000000000000796,-1.3299999999999983,-1.1199999999999903,-1.19
4,Rachel Yang,Residential,Churned,Charlottesville,VA,2025-06,94.93,91.26,91.14,3.6700000000000017,0.12000000000000455,3.7900000000000063,4.16
5,Brandon Savage,Business,Churned,Charlottesville,VA,2025-06,162.16,163.92,166.64,-1.759999999999991,-2.719999999999999,-4.47999999999999,-2.69
6,Shannon Kaufman,Residential,Active,Centennial,CO,2025-06,97.52,93.56,93.32,3.9599999999999937,0.2400000000000091,4.200000000000003,4.5
7,Jennifer Henderson,Business,Churned,Westminster,CO,2025-06,124.47,125.54,123.95,-1.0700000000000074,1.5900000000000034,0.519999999999996,0.42
8,Keith Thomas,Residential,Churned,Centennial,CO,2025-06,87.47,92.31,92.55,-4.840000000000003,-0.23999999999999488,-5.079999999999998,-5.49
9,Curtis Cruz,Residential,Churned,Westminster,CO,2025-06,69.83,71.68,72.85,-1.8500000000000085,-1.1699999999999875,-3.019999999999996,-4.15
10,Peter Gross,Business,Active,Charlottesville,VA,2025-06,89.85,92.33,92.05,-2.480000000000004,0.28000000000000114,-2.200000000000003,-2.39
11,Cory Torres,Business,Active,Westminster,CO,2025-06,107.03,103.04,100.71,3.989999999999995,2.3300000000000125,6.320000000000007,6.28
12,Anita Allen,Business,Churned,Charlottesville,VA,2025-06,108.99,109.51,110.35,-0.5200000000000102,-0.8399999999999892,-1.3599999999999994,-1.23
13,Martin Ellison,Business,Churned,Charlottesville,VA,2025-06,93.64,91.0,89.4,2.6400000000000006,1.5999999999999943,4.239999999999995,4.74
14,Eddie Luna,Residential,Active,Sandpoint,ID,2025-06,102.48,98.39,96.47,4.090000000000003,1.9200000000000017,6.010000000000005,6.23
15,Angela Patton,Business,Active,Sandpoint,ID,2025-06,91.09,93.24,95.09,-2.1499999999999915,-1.8500000000000085,-4.0,-4.21
16,Leslie Adams,Residential,Active,Charlottesville,VA,2025-06,73.15,72.58,70.49,0.5700000000000074,2.0900000000000034,2.660000000000011,3.77
17,Todd Young,Residential,Churned,Centennial,CO,2025-06,67.86,70.64,70.36,-2.780000000000001,0.28000000000000114,-2.5,-3.55
18,Kelsey Wright,Business,Churned,Charlottesville,VA,2025-06,74.81,77.98,79.62,-3.1700000000000017,-1.6400000000000006,-4.810000000000002,-6.04
19,Darren Barnett,Business,Churned,Sandpoint,ID,2025-06,162.09,157.88,160.76,4.210000000000008,-2.8799999999999955,1.3300000000000125,0.83
20,Teresa Daniel,Business,Active,Charlottesville,VA,2025-06,152.67,154.21,154.27,-1.5400000000000205,-0.060000000000002274,-1.6000000000000227,-1.04
21,Jade King,Residential,Churned,Charlottesville,VA,2025-06,136.41,131.65,133.1,4.759999999999991,-1.4499999999999886,3.3100000000000023,2.49
22,Anthony Rios,Business,Active,Centennial,CO,2025-06,107.54,108.72,108.26,-1.1799999999999926,0.45999999999999375,-0.7199999999999989,-0.67
23,Laurie Moore,Business,Active,Westminster,CO,2025-06,130.27,126.31,128.17,3.960000000000008,-1.8599999999999852,2.1000000000000227,1.64
24,Rachel Walsh,Business,Active,Charlottesville,VA,2025-06,137.6,139.52,140.82,-1.920000000000016,-1.299999999999983,-3.219999999999999,-2.29
25,Theresa Butler,Business,Active,Wake Forest,NC,2025-06,134.1,133.92,136.84,0.18000000000000682,-2.920000000000016,-2.740000000000009,-2.0
26,Patrick Singh,Residential,Churned,Charlottesville,VA,2025-06,105.68,105.46,104.68,0.22000000000001307,0.7799999999999869,1.0,0.96
27,Arthur Tucker,Residential,Active,Westminster,CO,2025-06,67.65,64.93,63.61,2.719999999999999,1.3200000000000074,4.040000000000006,6.35
28,Barbara Welch,Residential,Active,Charlottesville,VA,2025-06,95.4,95.65,98.21,-0.25,-2.559999999999988,-2.809999999999988,-2.86
29,Bradley Collins,Business,Active,Centennial,CO,2025-06,110.29,107.82,109.43,2.470000000000013,-1.6100000000000136,0.8599999999999994,0.79
30,Christina Smith,Business,Active,Wake Forest,NC,2025-06,138.45,140.76,138.8,-2.3100000000000023,1.9599999999999795,-0.35000000000002274,-0.25
31,Scott Vargas,Residential,Churned,Westminster,CO,2025-06,170.97,173.93,171.99,-2.960000000000008,1.9399999999999977,-1.0200000000000102,-0.59
32,Justin Anderson,Residential,Active,Charlottesville,VA,2025-06,146.86,150.9,152.64,-4.039999999999992,-1.7399999999999807,-5.779999999999973,-3.79
33,Kristen Vang,Business,Churned,Sandpoint,ID,2025-06,148.05,150.43,148.45,-2.3799999999999955,1.9800000000000182,-0.39999999999997726,-0.27
34,Erica Gay,Business,Churned,Wake Forest,NC,2025-06,124.59,125.76,126.0,-1.1700000000000017,-0.23999999999999488,-1.4099999999999966,-1.12
35,Jill Romero,Business,Churned,Westminster,CO,2025-06,106.67,107.4,106.14,-0.730000000000004,1.2600000000000051,0.5300000000000011,0.5
36,Mariah Roberts,Residential,Churned,Sandpoint,ID,2025-06,106.69,102.35,103.81,4.340000000000003,-1.460000000000008,2.8799999999999955,2.77
37,Nathan Collins,Residential,Active,Charlottesville,VA,2025-06,129.21,131.03,128.86,-1.8199999999999932,2.1699999999999875,0.3499999999999943,0.27
38,Daniel Fitzgerald,Business,Active,Charlottesville,VA,2025-06,65.54,67.39,69.18,-1.8499999999999943,-1.7900000000000063,-3.6400000000000006,-5.26
39,Kyle Pace,Business,Churned,Wake Forest,NC,2025-06,60.42,61.61,64.18,-1.1899999999999977,-2.5700000000000074,-3.760000000000005,-5.86
40,Kimberly Jones,Business,Active,Westminster,CO,2025-06,167.11,165.89,166.04,1.2200000000000273,-0.15000000000000568,1.0700000000000216,0.64
41,Kristin Wright,Residential,Active,Wake Forest,NC,2025-06,145.6,149.39,151.3,-3.789999999999992,-1.910000000000025,-5.700000000000017,-3.77
42,Paul Whitaker,Business,Active,Sandpoint,ID,2025-06,74.31,73.86,71.76,0.45000000000000284,2.0999999999999943,2.549999999999997,3.55
43,Joshua Walton,Residential,Active,Centennial,CO,2025-06,111.46,115.05,114.4,-3.5900000000000034,0.6499999999999915,-2.940000000000012,-2.57
44,Jean Vargas,Residential,Churned,Westminster,CO,2025-06,118.43,121.95,119.64,-3.519999999999996,2.3100000000000023,-1.2099999999999937,-1.01
45,Leslie Parker,Business,Active,Centennial,CO,2025-06,90.2,85.39,84.8,4.810000000000002,0.5900000000000034,5.400000000000006,6.37
46,James Stevens,Residential,Active,Westminster,CO,2025-06,75.91,76.01,78.52,-0.10000000000000853,-2.509999999999991,-2.6099999999999994,-3.32
47,Jacqueline Baker,Residential,Churned,Wake Forest,NC,2025-06,132.49,132.12,130.67,0.37000000000000455,1.450000000000017,1.8200000000000216,1.39
48,Kelly Harris,Business,Churned,Centennial,CO,2025-06,176.1,177.61,178.66,-1.5100000000000193,-1.049999999999983,-2.5600000000000023,-1.43
49,Kevin Baker,Business,Churned,Centennial,CO,2025-06,148.72,149.79,151.54,-1.0699999999999932,-1.75,-2.819999999999993,-1.86
50,Traci Taylor,Business,Active,Westminster,CO,2025-06,160.59,164.27,162.67,-3.680000000000007,1.6000000000000227,-2.079999999999984,-1.28
51,Victor Vincent,Business,Churned,Sandpoint,ID,2025-06,174.66,173.28,172.48,1.3799999999999955,0.8000000000000114,2.180000000000007,1.26
52,Mary Wang,Residential,Active,Westminster,CO,2025-06,65.53,69.65,71.11,-4.1200000000000045,-1.4599999999999937,-5.579999999999998,-7.85
53,Sarah Ramirez,Residential,Churned,Centennial,CO,2025-06,103.17,99.68,102.15,3.489999999999995,-2.469999999999999,1.019999999999996,1.0
54,Michael Anderson,Business,Active,Wake Forest,NC,2025-06,148.36,144.48,141.8,3.880000000000024,2.6799999999999784,6.560000000000002,4.63
55,Tyrone Brewer,Residential,Churned,Wake Forest,NC,2025-06,177.22,176.07,175.49,1.1500000000000057,0.5799999999999841,1.7299999999999898,0.99
56,Brian Lewis,Residential,Churned,Wake Forest,NC,2025-06,152.13,147.35,146.18,4.780000000000001,1.1699999999999875,5.949999999999989,4.07
57,Michele Maxwell,Business,Active,Westminster,CO,2025-06,95.87,94.03,93.12,1.8400000000000034,0.9099999999999966,2.75,2.95
58,Patricia Gates,Business,Churned,Centennial,CO,2025-06,98.74,96.52,98.04,2.219999999999999,-1.5200000000000102,0.6999999999999886,0.71
59,Aaron Yates,Business,Active,Charlottesville,VA,2025-06,94.19,97.18,98.99,-2.990000000000009,-1.809999999999988,-4.799999999999997,-4.85
60,Tammy Brooks,Business,Active,Centennial,CO,2025-06,108.23,110.84,110.41,-2.6099999999999994,0.4300000000000068,-2.1799999999999926,-1.97
61,Nicole Lucas DDS,Business,Churned,Charlottesville,VA,2025-06,114.74,110.27,107.57,4.469999999999999,2.700000000000003,7.170000000000002,6.67
62,Martha Phillips,Residential,Active,Sandpoint,ID,2025-06,68.36,71.07,73.76,-2.7099999999999937,-2.690000000000012,-5.400000000000006,-7.32
63,Michael Lester,Residential,Churned,Centennial,CO,2025-06,157.09,160.6,163.01,-3.509999999999991,-2.4099999999999966,-5.9199999999999875,-3.63
64,Michael Mendez,Business,Active,Wake Forest,NC,2025-06,104.13,107.79,110.54,-3.660000000000011,-2.75,-6.410000000000011,-5.8
65,Tina King,Business,Active,Wake Forest,NC,2025-06,81.34,85.43,86.19,-4.090000000000003,-0.7599999999999909,-4.849999999999994,-5.63
66,Willie Nichols,Residential,Churned,Centennial,CO,2025-06,134.41,129.83,131.42,4.579999999999984,-1.589999999999975,2.990000000000009,2.28
67,Robert Thompson,Residential,Churned,Centennial,CO,2025-06,107.93,103.91,105.9,4.02000000000001,-1.990000000000009,2.030000000000001,1.92
68,Allison Gomez,Residential,Churned,Centennial,CO,2025-06,62.49,66.15,68.27,-3.6600000000000037,-2.1199999999999903,-5.779999999999994,-8.47
69,Linda Lynch,Business,Active,Centennial,CO,2025-06,92.17,88.98,88.51,3.1899999999999977,0.46999999999999886,3.6599999999999966,4.14
70,Paul Wilson,Business,Churned,Sandpoint,ID,2025-06,148.03,143.68,140.97,4.349999999999994,2.710000000000008,7.060000000000002,5.01
71,Ronald Walker,Residential,Churned,Charlottesville,VA,2025-06,80.43,80.71,81.51,-0.2799999999999869,-0.8000000000000114,-1.0799999999999983,-1.32
72,Christopher Arroyo,Residential,Churned,Charlottesville,VA,2025-06,114.14,118.71,115.71,-4.569999999999993,3.0,-1.5699999999999932,-1.36
73,Tonya Cowan,Residential,Active,Centennial,CO,2025-06,178.02,174.29,172.33,3.730000000000018,1.9599999999999795,5.689999999999998,3.3
74,Andrea Mann,Residential,Churned,Charlottesville,VA,2025-06,85.13,83.01,80.9,2.1199999999999903,2.1099999999999994,4.22999999999999,5.23
75,Tracy Hill,Residential,Churned,Centennial,CO,2025-06,63.95,61.52,63.55,2.4299999999999997,-2.029999999999994,0.4000000000000057,0.63
76,Lori Gamble,Business,Churned,Charlottesville,VA,2025-06,79.25,80.96,82.81,-1.7099999999999937,-1.8500000000000085,-3.5600000000000023,-4.3
77,Mary Calderon,Residential,Churned,Charlottesville,VA,2025-06,155.54,157.15,159.43,-1.6100000000000136,-2.280000000000001,-3.890000000000015,-2.44
78,Kent Barber,Business,Churned,Westminster,CO,2025-06,147.91,150.27,149.26,-2.3600000000000136,1.0100000000000193,-1.3499999999999943,-0.9
79,Laura Jacobs,Residential,Active,Westminster,CO,2025-06,159.92,164.04,164.03,-4.1200000000000045,0.009999999999990905,-4.110000000000014,-2.51
80,Mary Martinez,Business,Active,Sandpoint,ID,2025-06,146.47,151.22,148.67,-4.75,2.5500000000000114,-2.1999999999999886,-1.48
81,Karen House,Business,Churned,Sandpoint,ID,2025-06,121.03,121.8,122.34,-0.769999999999996,-0.5400000000000063,-1.3100000000000023,-1.07
82,Jacob Chambers PhD,Residential,Churned,Westminster,CO,2025-06,81.26,82.44,82.25,-1.1799999999999926,0.18999999999999773,-0.9899999999999949,-1.2
83,Bruce English,Residential,Active,Sandpoint,ID,2025-06,153.83,150.01,150.32,3.8200000000000216,-0.3100000000000023,3.5100000000000193,2.34
84,Jason Velasquez,Business,Active,Charlottesville,VA,2025-06,170.26,172.63,170.19,-2.3700000000000045,2.4399999999999977,0.06999999999999318,0.04
85,Ricky Rivera,Business,Churned,Westminster,CO,2025-06,106.27,109.38,106.47,-3.1099999999999994,2.9099999999999966,-0.20000000000000284,-0.19
86,Rodney Potts,Residential,Active,Centennial,CO,2025-06,127.14,124.49,127.45,2.6500000000000057,-2.960000000000008,-0.3100000000000023,-0.24
87,Dylan Ellison,Residential,Active,Westminster,CO,2025-06,92.94,88.24,88.95,4.700000000000003,-0.710000000000008,3.989999999999995,4.49
88,Carlos Perez,Business,Churned,Centennial,CO,2025-06,146.35,147.17,150.0,-0.8199999999999932,-2.8300000000000125,-3.6500000000000057,-2.43
89,Nathan Johnson,Business,Active,Centennial,CO,2025-06,60.02,62.22,61.65,-2.1999999999999957,0.5700000000000003,-1.6299999999999955,-2.64
90,Terri Thomas,Residential,Churned,Charlottesville,VA,2025-06,78.43,77.45,75.05,0.980000000000004,2.4000000000000057,3.3800000000000097,4.5
91,Chris Smith,Residential,Active,Centennial,CO,2025-06,114.25,111.73,114.21,2.519999999999996,-2.4799999999999898,0.04000000000000625,0.04
92,Matthew Ross,Business,Active,Centennial,CO,2025-06,126.06,128.18,130.73,-2.1200000000000045,-2.549999999999983,-4.6699999999999875,-3.57
93,Ellen Rodriguez,Business,Active,Westminster,CO,2025-06,173.42,168.94,167.44,4.47999999999999,1.5,5.97999999999999,3.57
94,Stephanie Pineda,Residential,Churned,Sandpoint,ID,2025-06,66.94,68.41,67.81,-1.4699999999999989,0.5999999999999943,-0.8700000000000045,-1.28
95,Susan Peterson,Business,Churned,Westminster,CO,2025-06,171.86,170.42,170.64,1.4400000000000261,-0.21999999999999886,1.2200000000000273,0.71
96,Taylor Townsend,Residential,Active,Charlottesville,VA,2025-06,131.6,129.83,129.47,1.7699999999999818,0.36000000000001364,2.1299999999999955,1.65
97,Mary Smith,Business,Churned,Charlottesville,VA,2025-06,65.48,68.15,65.92,-2.6700000000000017,2.230000000000004,-0.4399999999999977,-0.67
98,Robert Davis,Residential,Churned,Charlottesville,VA,2025-06,114.93,119.0,121.87,-4.069999999999993,-2.8700000000000045,-6.939999999999998,-5.69
99,Jeffrey Barber,Business,Churned,Westminster,CO,2025-06,113.92,114.57,114.14,-0.6499999999999915,0.4299999999999926,-0.21999999999999886,-0.19
100,Dr. Melissa Reid,Residential,Active,Wake Forest,NC,2025-06,152.04,156.13,155.32,-4.090000000000003,0.8100000000000023,-3.280000000000001,-2.11
101,Blake Murray,Business,Churned,Charlottesville,VA,2025-06,157.26,154.15,151.3,3.109999999999985,2.8499999999999943,5.9599999999999795,3.94
102,Larry Hall,Business,Churned,Wake Forest,NC,2025-06,79.26,83.2,81.15,-3.9399999999999977,2.049999999999997,-1.8900000000000006,-2.33
103,Catherine Cross,Residential,Churned,Wake Forest,NC,2025-06,140.16,143.79,141.75,-3.6299999999999955,2.039999999999992,-1.5900000000000034,-1.12
104,Virginia Ayala,Residential,Active,Westminster,CO,2025-06,141.74,140.37,141.42,1.3700000000000045,-1.049999999999983,0.3200000000000216,0.23
105,Robert Rowe,Residential,Active,Westminster,CO,2025-06,95.56,91.15,93.65,4.409999999999997,-2.5,1.9099999999999966,2.04
106,Kevin Anderson,Business,Active,Sandpoint,ID,2025-06,109.33,108.9,108.19,0.4299999999999926,0.710000000000008,1.1400000000000006,1.05
107,Wanda Velez,Business,Churned,Wake Forest,NC,2025-06,68.05,66.54,68.42,1.509999999999991,-1.8799999999999955,-0.37000000000000455,-0.54
108,Emily Dickerson,Residential,Churned,Westminster,CO,2025-06,160.19,158.15,157.95,2.039999999999992,0.20000000000001705,2.240000000000009,1.42
109,Marvin Hayes,Residential,Active,Wake Forest,NC,2025-06,175.75,175.72,172.73,0.030000000000001137,2.990000000000009,3.0200000000000102,1.75
110,Mr. Anthony Dougherty,Residential,Churned,Wake Forest,NC,2025-06,131.91,132.67,130.13,-0.7599999999999909,2.539999999999992,1.7800000000000011,1.37
111,Christopher Schwartz,Business,Churned,Sandpoint,ID,2025-06,111.14,113.23,110.73,-2.0900000000000034,2.5,0.4099999999999966,0.37
112,Paul Davis,Residential,Active,Charlottesville,VA,2025-06,124.44,122.08,121.61,2.3599999999999994,0.46999999999999886,2.8299999999999983,2.33
113,Brian Sparks,Business,Active,Wake Forest,NC,2025-06,72.56,68.23,70.4,4.329999999999998,-2.1700000000000017,2.1599999999999966,3.07
114,Kara Fowler,Business,Churned,Sandpoint,ID,2025-06,175.07,172.82,170.95,2.25,1.8700000000000045,4.1200000000000045,2.41
115,Jennifer Jacobs,Business,Churned,Westminster,CO,2025-06,118.54,114.34,113.77,4.200000000000003,0.5700000000000074,4.77000000000001,4.19
116,Lauren Hanson,Business,Churned,Wake Forest,NC,2025-06,65.77,66.14,63.44,-0.37000000000000455,2.700000000000003,2.3299999999999983,3.67
117,Angela Carter,Business,Active,Sandpoint,ID,2025-06,170.74,173.93,175.66,-3.1899999999999977,-1.7299999999999898,-4.9199999999999875,-2.8
118,Regina Kennedy,Business,Churned,Sandpoint,ID,2025-06,139.59,141.57,141.1,-1.9799999999999898,0.46999999999999886,-1.509999999999991,-1.07
119,Susan Berry,Business,Active,Charlottesville,VA,2025-06,124.25,124.35,126.0,-0.09999999999999432,-1.6500000000000057,-1.75,-1.39
120,Jorge Jones,Residential,Churned,Centennial,CO,2025-06,92.15,88.23,88.77,3.9200000000000017,-0.539999999999992,3.3800000000000097,3.81
121,Kimberly Bailey,Business,Churned,Sandpoint,ID,2025-06,135.8,140.46,141.47,-4.659999999999997,-1.009999999999991,-5.6699999999999875,-4.01
122,Ann Mcclure,Residential,Active,Wake Forest,NC,2025-06,62.95,64.08,62.31,-1.1299999999999955,1.769999999999996,0.6400000000000006,1.03
123,Brandi Beck,Business,Active,Wake Forest,NC,2025-06,169.52,168.82,166.06,0.700000000000017,2.759999999999991,3.460000000000008,2.08
124,Benjamin Cabrera,Residential,Churned,Sandpoint,ID,2025-06,155.6,153.67,151.06,1.9300000000000068,2.609999999999985,4.539999999999992,3.01
125,Angela Travis,Residential,Active,Sandpoint,ID,2025-06,147.4,143.55,143.73,3.8499999999999943,-0.1799999999999784,3.670000000000016,2.55
126,Jeremiah Clayton,Business,Churned,Wake Forest,NC,2025-06,128.33,124.98,124.54,3.3500000000000085,0.4399999999999977,3.7900000000000063,3.04
127,Amber Small,Business,Churned,Wake Forest,NC,2025-06,99.71,100.24,97.68,-0.5300000000000011,2.559999999999988,2.029999999999987,2.08
128,Richard Pratt,Residential,Churned,Wake Forest,NC,2025-06,164.02,164.64,165.58,-0.6199999999999761,-0.9400000000000261,-1.5600000000000023,-0.94
129,Miguel Casey,Business,Active,Charlottesville,VA,2025-06,154.61,152.91,150.45,1.700000000000017,2.460000000000008,4.160000000000025,2.77
130,Ann Bennett,Business,Churned,Westminster,CO,2025-06,110.42,110.34,110.02,0.0799999999999983,0.3200000000000074,0.4000000000000057,0.36
131,Jill Park,Business,Active,Centennial,CO,2025-06,171.96,170.5,171.05,1.460000000000008,-0.5500000000000114,0.9099999999999966,0.53
132,Aaron Davis,Residential,Active,Wake Forest,NC,2025-06,122.49,123.13,123.9,-0.6400000000000006,-0.7700000000000102,-1.4100000000000108,-1.14
133,Lynn Thomas,Business,Churned,Centennial,CO,2025-06,77.73,75.47,76.29,2.260000000000005,-0.8200000000000074,1.4399999999999977,1.89
134,Ryan Smith,Residential,Churned,Sandpoint,ID,2025-06,168.24,165.76,167.54,2.480000000000018,-1.7800000000000011,0.700000000000017,0.42
135,Vincent Fields,Business,Active,Sandpoint,ID,2025-06,136.93,141.42,140.49,-4.489999999999981,0.9299999999999784,-3.5600000000000023,-2.53
136,Marcus Collins,Business,Churned,Centennial,CO,2025-06,152.45,153.49,153.43,-1.0400000000000205,0.060000000000002274,-0.9800000000000182,-0.64
137,Brian Page,Business,Active,Westminster,CO,2025-06,135.06,137.56,139.14,-2.5,-1.579999999999984,-4.079999999999984,-2.93
138,Johnny Kemp,Residential,Churned,Sandpoint,ID,2025-06,80.03,76.57,76.15,3.460000000000008,0.4199999999999875,3.8799999999999955,5.1
139,Crystal Ballard,Residential,Churned,Wake Forest,NC,2025-06,164.9,162.04,164.32,2.8600000000000136,-2.280000000000001,0.5800000000000125,0.35
140,Joshua Whitehead,Business,Churned,Westminster,CO,2025-06,176.36,178.37,176.69,-2.009999999999991,1.6800000000000068,-0.3299999999999841,-0.19
141,Kimberly Deleon,Business,Churned,Westminster,CO,2025-06,79.27,74.41,75.21,4.859999999999999,-0.7999999999999972,4.060000000000002,5.4
142,Lucas Logan,Residential,Active,Centennial,CO,2025-06,165.89,166.76,165.58,-0.8700000000000045,1.1799999999999784,0.30999999999997385,0.19
143,John Harper,Residential,Churned,Centennial,CO,2025-06,66.11,69.27,70.26,-3.1599999999999966,-0.9900000000000091,-4.150000000000006,-5.91
144,Jennifer Brown,Business,Churned,Charlottesville,VA,2025-06,61.73,58.39,57.69,3.3399999999999963,0.7000000000000028,4.039999999999999,7.0
145,James Martinez,Residential,Active,Centennial,CO,2025-06,93.44,88.76,90.0,4.679999999999993,-1.2399999999999949,3.4399999999999977,3.82
146,Jennifer Osborn,Residential,Churned,Westminster,CO,2025-06,120.27,117.3,115.18,2.969999999999999,2.1199999999999903,5.089999999999989,4.42
147,Alan Humphrey,Business,Active,Sandpoint,ID,2025-06,173.24,176.55,176.85,-3.3100000000000023,-0.29999999999998295,-3.609999999999985,-2.04
148,James Smith,Business,Churned,Westminster,CO,2025-06,84.02,81.31,80.31,2.7099999999999937,1.0,3.7099999999999937,4.62
149,Brittany Williams,Residential,Active,Charlottesville,VA,2025-06,170.3,171.44,174.01,-1.1399999999999864,-2.569999999999993,-3.7099999999999795,-2.13
150,Andrew Smith,Business,Churned,Sandpoint,ID,2025-06,80.18,81.99,84.74,-1.809999999999988,-2.75,-4.559999999999988,-5.38
151,Dustin Gordon,Residential,Churned,Westminster,CO,2025-06,176.63,173.61,175.22,3.019999999999982,-1.6099999999999852,1.4099999999999966,0.8
152,Brian Tucker,Business,Churned,Centennial,CO,2025-06,103.71,105.58,107.07,-1.8700000000000045,-1.4899999999999949,-3.3599999999999994,-3.14
153,Jason Cobb,Residential,Churned,Sandpoint,ID,2025-06,91.17,87.58,86.57,3.5900000000000034,1.0100000000000051,4.6000000000000085,5.31
154,Gary Richardson,Residential,Churned,Westminster,CO,2025-06,143.68,147.73,147.24,-4.049999999999983,0.4899999999999807,-3.5600000000000023,-2.42
155,Ryan Smith,Business,Active,Charlottesville,VA,2025-06,179.17,182.34,185.19,-3.170000000000016,-2.8499999999999943,-6.02000000000001,-3.25
156,Jodi Zamora,Business,Active,Westminster,CO,2025-06,152.61,151.33,149.03,1.2800000000000011,2.3000000000000114,3.5800000000000125,2.4
157,Edward Hamilton,Business,Active,Charlottesville,VA,2025-06,100.44,103.24,105.26,-2.799999999999997,-2.0200000000000102,-4.820000000000007,-4.58
158,Sheila Benton,Business,Churned,Charlottesville,VA,2025-06,92.71,87.98,86.93,4.72999999999999,1.0499999999999972,5.779999999999987,6.65
159,Melissa Perez,Residential,Churned,Charlottesville,VA,2025-06,159.89,158.09,160.22,1.799999999999983,-2.1299999999999955,-0.3300000000000125,-0.21
160,Kelly Grimes,Business,Active,Charlottesville,VA,2025-06,123.32,124.54,125.58,-1.220000000000013,-1.039999999999992,-2.260000000000005,-1.8
161,James Robinson,Residential,Active,Centennial,CO,2025-06,133.35,136.28,137.46,-2.930000000000007,-1.1800000000000068,-4.110000000000014,-2.99
162,David Combs,Business,Churned,Westminster,CO,2025-06,86.76,82.26,83.24,4.5,-0.9799999999999898,3.5200000000000102,4.23
163,Natalie Smith,Business,Churned,Sandpoint,ID,2025-06,125.48,125.27,126.51,0.21000000000000796,-1.240000000000009,-1.0300000000000011,-0.81
164,Anthony Fletcher,Business,Churned,Charlottesville,VA,2025-06,109.01,105.79,103.23,3.219999999999999,2.5600000000000023,5.780000000000001,5.6
165,Patrick Jensen,Residential,Active,Wake Forest,NC,2025-06,167.32,168.42,166.6,-1.0999999999999943,1.8199999999999932,0.7199999999999989,0.43
166,Taylor Davidson,Business,Churned,Sandpoint,ID,2025-06,92.56,92.86,92.9,-0.29999999999999716,-0.04000000000000625,-0.3400000000000034,-0.37
167,Michael Grant,Business,Churned,Centennial,CO,2025-06,125.66,129.98,129.01,-4.319999999999993,0.9699999999999989,-3.3499999999999943,-2.6
168,Mark Gonzalez,Residential,Active,Wake Forest,NC,2025-06,76.3,72.53,69.83,3.769999999999996,2.700000000000003,6.469999999999999,9.27
169,Miguel Hall,Business,Active,Wake Forest,NC,2025-06,104.66,105.63,107.93,-0.9699999999999989,-2.3000000000000114,-3.2700000000000102,-3.03
170,Heather Mcdowell,Residential,Churned,Charlottesville,VA,2025-06,75.15,75.11,73.69,0.04000000000000625,1.4200000000000017,1.460000000000008,1.98
171,Brooke Butler,Residential,Active,Charlottesville,VA,2025-06,130.74,127.35,126.92,3.390000000000015,0.4299999999999926,3.8200000000000074,3.01
172,Charles Campbell,Residential,Churned,Charlottesville,VA,2025-06,116.18,120.47,119.47,-4.289999999999992,1.0,-3.289999999999992,-2.75
173,Matthew Boyle MD,Business,Churned,Centennial,CO,2025-06,152.43,149.02,147.75,3.4099999999999966,1.2700000000000102,4.680000000000007,3.17
174,Tyler Villa,Business,Active,Centennial,CO,2025-06,77.26,78.86,79.5,-1.5999999999999943,-0.6400000000000006,-2.239999999999995,-2.82
175,Amanda Duran,Residential,Churned,Wake Forest,NC,2025-06,175.94,172.04,171.09,3.9000000000000057,0.9499999999999886,4.849999999999994,2.83
176,Denise Sparks,Business,Churned,Sandpoint,ID,2025-06,76.31,74.87,77.86,1.4399999999999977,-2.989999999999995,-1.5499999999999972,-1.99
177,Caitlyn Stephens,Business,Active,Wake Forest,NC,2025-06,86.42,90.57,88.96,-4.1499999999999915,1.6099999999999994,-2.539999999999992,-2.86
178,Alison Carter,Residential,Active,Sandpoint,ID,2025-06,79.11,79.51,82.09,-0.4000000000000057,-2.5799999999999983,-2.980000000000004,-3.63
179,Melissa Martinez,Residential,Churned,Sandpoint,ID,2025-06,101.13,97.75,96.89,3.3799999999999955,0.8599999999999994,4.239999999999995,4.38
180,Christina Smith MD,Residential,Churned,Wake Forest,NC,2025-06,96.49,97.86,99.76,-1.3700000000000045,-1.9000000000000057,-3.2700000000000102,-3.28
181,Robert Riley,Residential,Active,Centennial,CO,2025-06,147.48,143.76,145.34,3.719999999999999,-1.5800000000000125,2.1399999999999864,1.47
182,Michael Richard,Business,Churned,Sandpoint,ID,2025-06,119.65,122.0,121.58,-2.3499999999999943,0.4200000000000017,-1.9299999999999926,-1.59
183,Brittany Campbell,Residential,Churned,Wake Forest,NC,2025-06,70.23,65.28,65.17,4.950000000000003,0.10999999999999943,5.060000000000002,7.76
184,Andrew Moore,Residential,Churned,Charlottesville,VA,2025-06,177.98,175.81,172.92,2.1699999999999875,2.890000000000015,5.060000000000002,2.93
185,Heidi Green,Residential,Churned,Westminster,CO,2025-06,151.98,153.82,154.13,-1.8400000000000034,-0.3100000000000023,-2.1500000000000057,-1.39
186,Dale Murphy,Residential,Churned,Charlottesville,VA,2025-06,62.11,57.99,60.86,4.119999999999997,-2.8699999999999974,1.25,2.05
187,Alisha Lopez,Residential,Active,Wake Forest,NC,2025-06,152.43,151.36,149.4,1.0699999999999932,1.960000000000008,3.030000000000001,2.03
188,Elizabeth Stone,Residential,Active,Centennial,CO,2025-06,88.84,86.17,87.55,2.6700000000000017,-1.3799999999999955,1.2900000000000063,1.47
189,Susan Walton,Residential,Active,Sandpoint,ID,2025-06,98.93,100.43,99.36,-1.5,1.0700000000000074,-0.4299999999999926,-0.43
190,Melissa Wilson,Residential,Active,Centennial,CO,2025-06,63.88,62.55,64.23,1.3300000000000054,-1.6800000000000068,-0.3500000000000014,-0.54
191,Shelby Bean,Residential,Churned,Westminster,CO,2025-06,80.41,76.4,79.04,4.009999999999991,-2.6400000000000006,1.3699999999999903,1.73
192,Grant Lewis,Residential,Churned,Westminster,CO,2025-06,152.73,149.3,150.3,3.4299999999999784,-1.0,2.4299999999999784,1.62
193,Michelle Giles,Residential,Active,Centennial,CO,2025-06,105.7,103.94,106.82,1.7600000000000051,-2.8799999999999955,-1.1199999999999903,-1.05
194,Courtney Munoz,Residential,Churned,Centennial,CO,2025-06,136.03,133.0,132.01,3.030000000000001,0.9900000000000091,4.02000000000001,3.05
195,John Davis,Residential,Churned,Wake Forest,NC,2025-06,121.39,121.49,123.95,-0.09999999999999432,-2.460000000000008,-2.5600000000000023,-2.07
196,Paige Holt,Residential,Churned,Westminster,CO,2025-06,105.14,104.23,106.38,0.9099999999999966,-2.1499999999999915,-1.2399999999999949,-1.17
197,Tracy Williams,Business,Active,Centennial,CO,2025-06,159.35,156.71,155.39,2.6399999999999864,1.3200000000000216,3.960000000000008,2.55
198,Alisha Gilbert,Residential,Active,Centennial,CO,2025-06,119.16,119.23,119.15,-0.07000000000000739,0.0799999999999983,0.009999999999990905,0.01
199,Kathleen Bell,Business,Active,Westminster,CO,2025-06,71.93,72.79,74.07,-0.8599999999999994,-1.279999999999987,-2.1399999999999864,-2.89
200,Ethan Mitchell,Business,Active,Westminster,CO,2025-06,72.3,68.76,69.17,3.539999999999992,-0.4099999999999966,3.1299999999999955,4.53
201,Kristina Peterson,Business,Active,Wake Forest,NC,2025-06,86.14,88.06,90.86,-1.9200000000000017,-2.799999999999997,-4.719999999999999,-5.19
202,Destiny Ali,Residential,Churned,Charlottesville,VA,2025-06,118.66,120.01,119.67,-1.3500000000000085,0.3400000000000034,-1.0100000000000051,-0.84
203,Michael Duncan,Residential,Active,Charlottesville,VA,2025-06,105.68,103.44,106.01,2.240000000000009,-2.5700000000000074,-0.3299999999999983,-0.31
204,Megan Harvey,Residential,Churned,Centennial,CO,2025-06,65.91,66.85,68.53,-0.9399999999999977,-1.6800000000000068,-2.6200000000000045,-3.82
205,Kevin Dudley,Business,Churned,Westminster,CO,2025-06,86.24,82.63,85.37,3.6099999999999994,-2.740000000000009,0.8699999999999903,1.02
206,Michelle Logan,Residential,Churned,Westminster,CO,2025-06,151.71,152.16,153.23,-0.44999999999998863,-1.0699999999999932,-1.5199999999999818,-0.99
207,John Hurley,Residential,Churned,Westminster,CO,2025-06,110.73,110.12,110.68,0.6099999999999994,-0.5600000000000023,0.04999999999999716,0.05
208,Harold Hernandez,Business,Churned,Wake Forest,NC,2025-06,153.72,155.82,154.32,-2.0999999999999943,1.5,-0.5999999999999943,-0.39
209,Eric Becker,Residential,Churned,Sandpoint,ID,2025-06,159.75,160.87,163.14,-1.1200000000000045,-2.269999999999982,-3.3899999999999864,-2.08
210,Christina Ayala,Residential,Active,Wake Forest,NC,2025-06,91.71,87.1,88.38,4.609999999999999,-1.2800000000000011,3.3299999999999983,3.77
211,James Flores,Business,Active,Charlottesville,VA,2025-06,99.53,100.06,100.19,-0.5300000000000011,-0.12999999999999545,-0.6599999999999966,-0.66
212,Paul Gutierrez,Business,Churned,Westminster,CO,2025-06,79.71,75.06,76.11,4.6499999999999915,-1.0499999999999972,3.5999999999999943,4.73
213,Christine Salazar,Business,Churned,Wake Forest,NC,2025-06,122.8,118.21,116.44,4.590000000000003,1.769999999999996,6.359999999999999,5.46
214,Brian Moody,Residential,Churned,Sandpoint,ID,2025-06,104.08,103.8,105.62,0.28000000000000114,-1.8200000000000074,-1.5400000000000063,-1.46
215,Rebecca Sims,Business,Churned,Sandpoint,ID,2025-06,101.87,98.36,100.88,3.510000000000005,-2.519999999999996,0.9900000000000091,0.98
216,Kathleen Finley,Business,Churned,Charlottesville,VA,2025-06,168.62,170.58,171.56,-1.960000000000008,-0.9799999999999898,-2.9399999999999977,-1.71
217,Roger Trevino,Residential,Churned,Charlottesville,VA,2025-06,179.05,177.03,177.59,2.0200000000000102,-0.5600000000000023,1.460000000000008,0.82
218,Stephanie Howe,Residential,Churned,Charlottesville,VA,2025-06,70.02,74.49,73.46,-4.469999999999999,1.0300000000000011,-3.4399999999999977,-4.68
219,Jennifer Lawson,Residential,Active,Westminster,CO,2025-06,139.76,141.01,138.18,-1.25,2.829999999999984,1.579999999999984,1.14
220,Ralph West,Business,Active,Centennial,CO,2025-06,138.67,141.82,139.12,-3.1500000000000057,2.6999999999999886,-0.45000000000001705,-0.32
221,Todd Lloyd,Residential,Churned,Westminster,CO,2025-06,62.52,58.38,56.19,4.140000000000001,2.190000000000005,6.330000000000005,11.27
222,Taylor Hicks,Residential,Active,Charlottesville,VA,2025-06,114.42,110.19,111.11,4.230000000000004,-0.9200000000000017,3.3100000000000023,2.98
223,Robert Curtis,Business,Active,Westminster,CO,2025-06,66.9,66.37,66.22,0.5300000000000011,0.15000000000000568,0.6800000000000068,1.03
224,George Marshall,Business,Active,Charlottesville,VA,2025-06,119.28,123.1,123.89,-3.819999999999993,-0.7900000000000063,-4.609999999999999,-3.72
225,Rebecca Anderson,Business,Churned,Westminster,CO,2025-06,133.45,138.4,141.21,-4.950000000000017,-2.8100000000000023,-7.760000000000019,-5.5
226,Richard Reeves Jr.,Residential,Active,Westminster,CO,2025-06,120.24,122.94,123.9,-2.700000000000003,-0.960000000000008,-3.660000000000011,-2.95
227,Michelle Love,Residential,Churned,Westminster,CO,2025-06,72.52,73.29,72.77,-0.7700000000000102,0.5200000000000102,-0.25,-0.34
228,Daniel Jones,Residential,Churned,Charlottesville,VA,2025-06,85.93,81.03,83.59,4.900000000000006,-2.5600000000000023,2.3400000000000034,2.8
229,Justin Stone,Business,Churned,Wake Forest,NC,2025-06,100.77,100.94,97.99,-0.1700000000000017,2.950000000000003,2.780000000000001,2.84
230,Amber Ruiz,Residential,Churned,Wake Forest,NC,2025-06,106.48,107.19,108.13,-0.7099999999999937,-0.9399999999999977,-1.6499999999999915,-1.53
231,Karl Wyatt,Residential,Churned,Westminster,CO,2025-06,63.0,66.26,66.67,-3.260000000000005,-0.4099999999999966,-3.6700000000000017,-5.5
232,Mary Mora,Residential,Churned,Centennial,CO,2025-06,95.11,92.96,94.12,2.1500000000000057,-1.1600000000000108,0.9899999999999949,1.05
233,Ruben Mcneil,Business,Churned,Centennial,CO,2025-06,163.91,168.28,168.72,-4.3700000000000045,-0.4399999999999977,-4.810000000000002,-2.85
234,Veronica Kelly,Business,Active,Westminster,CO,2025-06,106.47,103.43,103.25,3.039999999999992,0.18000000000000682,3.219999999999999,3.12
235,Melissa Walters,Business,Churned,Wake Forest,NC,2025-06,99.9,103.18,103.61,-3.280000000000001,-0.4299999999999926,-3.7099999999999937,-3.58
236,Kim Gomez,Business,Active,Wake Forest,NC,2025-06,97.17,99.92,102.69,-2.75,-2.769999999999996,-5.519999999999996,-5.38
237,Kelly Reed,Business,Churned,Centennial,CO,2025-06,124.74,127.55,129.37,-2.8100000000000023,-1.8200000000000074,-4.63000000000001,-3.58
238,Amber Williams,Business,Active,Centennial,CO,2025-06,74.95,77.42,77.37,-2.469999999999999,0.04999999999999716,-2.4200000000000017,-3.13
239,Rodney Gordon,Residential,Active,Sandpoint,ID,2025-06,128.4,126.77,129.39,1.6300000000000097,-2.6199999999999903,-0.9899999999999807,-0.77
240,Christopher Hobbs,Residential,Active,Westminster,CO,2025-06,124.17,128.96,126.0,-4.790000000000006,2.960000000000008,-1.8299999999999983,-1.45
241,Allison Turner,Business,Churned,Wake Forest,NC,2025-06,108.47,108.22,109.94,0.25,-1.7199999999999989,-1.4699999999999989,-1.34
242,Robert Leonard,Business,Active,Centennial,CO,2025-06,97.02,98.13,98.94,-1.1099999999999994,-0.8100000000000023,-1.9200000000000017,-1.94
243,Caitlin Cook,Business,Active,Wake Forest,NC,2025-06,114.84,119.62,121.33,-4.780000000000001,-1.7099999999999937,-6.489999999999995,-5.35
244,Martha Thomas,Business,Active,Westminster,CO,2025-06,146.61,149.62,150.7,-3.009999999999991,-1.079999999999984,-4.089999999999975,-2.71
245,Dr. Larry Moore,Business,Active,Centennial,CO,2025-06,141.87,142.95,141.9,-1.079999999999984,1.049999999999983,-0.030000000000001137,-0.02
246,Hannah Collins,Residential,Churned,Centennial,CO,2025-06,100.53,95.85,97.24,4.680000000000007,-1.3900000000000006,3.2900000000000063,3.38
247,Maria Taylor,Residential,Churned,Wake Forest,NC,2025-06,73.36,71.24,69.32,2.1200000000000045,1.9200000000000017,4.040000000000006,5.83
248,Frank Russell,Residential,Churned,Charlottesville,VA,2025-06,74.81,75.44,74.27,-0.6299999999999955,1.1700000000000017,0.5400000000000063,0.73
249,Dr. Sara Duke,Business,Active,Charlottesville,VA,2025-06,72.36,71.36,71.0,1.0,0.35999999999999943,1.3599999999999994,1.92
250,Barbara Baker,Residential,Active,Centennial,CO,2025-06,96.88,96.97,94.51,-0.09000000000000341,2.4599999999999937,2.3699999999999903,2.51
251,Randall Soto,Residential,Active,Westminster,CO,2025-06,153.47,156.18,154.28,-2.710000000000008,1.9000000000000057,-0.8100000000000023,-0.53
252,Ashley Murray MD,Residential,Active,Sandpoint,ID,2025-06,177.76,177.71,180.71,0.04999999999998295,-3.0,-2.950000000000017,-1.63
253,Laura Hill,Business,Active,Westminster,CO,2025-06,90.56,94.42,93.5,-3.8599999999999994,0.9200000000000017,-2.9399999999999977,-3.14
254,Lisa Kelley,Residential,Churned,Centennial,CO,2025-06,62.12,57.38,55.41,4.739999999999995,1.970000000000006,6.710000000000001,12.11
255,Joanne Gibson,Business,Churned,Westminster,CO,2025-06,159.07,159.76,161.99,-0.6899999999999977,-2.230000000000018,-2.920000000000016,-1.8
256,Stephen Coleman,Business,Active,Sandpoint,ID,2025-06,106.68,106.74,104.9,-0.05999999999998806,1.8399999999999892,1.7800000000000011,1.7
257,Frederick Johnson,Residential,Active,Wake Forest,NC,2025-06,99.31,95.76,98.58,3.549999999999997,-2.819999999999993,0.730000000000004,0.74
258,Matthew Stout,Residential,Active,Westminster,CO,2025-06,96.75,96.24,97.11,0.5100000000000051,-0.8700000000000045,-0.35999999999999943,-0.37
259,Angela Blake,Business,Churned,Centennial,CO,2025-06,90.3,90.59,90.46,-0.29000000000000625,0.13000000000000966,-0.1599999999999966,-0.18
260,April Williams,Residential,Churned,Centennial,CO,2025-06,175.88,178.06,176.22,-2.180000000000007,1.8400000000000034,-0.3400000000000034,-0.19
261,Miguel Davenport,Residential,Churned,Wake Forest,NC,2025-06,71.77,72.66,71.33,-0.8900000000000006,1.3299999999999983,0.4399999999999977,0.62
262,Donald Bennett,Residential,Churned,Westminster,CO,2025-06,91.79,96.16,93.62,-4.36999999999999,2.539999999999992,-1.8299999999999983,-1.95
263,Wanda Clark,Residential,Churned,Charlottesville,VA,2025-06,96.79,95.46,96.55,1.3300000000000125,-1.0900000000000034,0.2400000000000091,0.25
264,Christopher Smith,Residential,Active,Westminster,CO,2025-06,156.42,160.88,162.7,-4.460000000000008,-1.8199999999999932,-6.280000000000001,-3.86
265,Jeffrey Cooley,Residential,Churned,Charlottesville,VA,2025-06,92.38,88.02,88.2,4.359999999999999,-0.18000000000000682,4.179999999999993,4.74
266,Tammy Mcguire,Business,Active,Charlottesville,VA,2025-06,73.47,78.0,80.5,-4.530000000000001,-2.5,-7.030000000000001,-8.73
267,Joseph Stevens,Business,Churned,Sandpoint,ID,2025-06,124.71,120.66,120.85,4.049999999999997,-0.18999999999999773,3.8599999999999994,3.19
268,Jeffrey Soto,Business,Active,Centennial,CO,2025-06,76.36,80.39,77.54,-4.030000000000001,2.8499999999999943,-1.1800000000000068,-1.52
269,Brian Olson,Business,Active,Sandpoint,ID,2025-06,130.74,131.34,129.22,-0.5999999999999943,2.1200000000000045,1.5200000000000102,1.18
270,James Tucker,Business,Churned,Westminster,CO,2025-06,115.93,118.2,121.09,-2.269999999999996,-2.8900000000000006,-5.159999999999997,-4.26
271,Timothy Hobbs,Residential,Churned,Charlottesville,VA,2025-06,122.7,122.39,124.44,0.3100000000000023,-2.049999999999997,-1.7399999999999949,-1.4
272,Alicia Mendez,Residential,Churned,Centennial,CO,2025-06,108.77,113.67,115.03,-4.900000000000006,-1.3599999999999994,-6.260000000000005,-5.44
273,Courtney Fernandez,Residential,Churned,Charlottesville,VA,2025-06,166.67,167.26,168.1,-0.5900000000000034,-0.8400000000000034,-1.4300000000000068,-0.85
274,Donna Jackson,Business,Churned,Westminster,CO,2025-06,136.56,137.35,139.96,-0.789999999999992,-2.6100000000000136,-3.4000000000000057,-2.43
275,Mary Jones,Business,Churned,Sandpoint,ID,2025-06,108.62,103.81,105.21,4.810000000000002,-1.3999999999999915,3.410000000000011,3.24
276,Christopher Miller,Business,Churned,Charlottesville,VA,2025-06,149.08,149.41,146.94,-0.3299999999999841,2.469999999999999,2.140000000000015,1.46
277,Brianna Boyer,Business,Active,Centennial,CO,2025-06,114.85,113.2,113.23,1.6499999999999915,-0.030000000000001137,1.6199999999999903,1.43
278,John Kennedy,Residential,Churned,Sandpoint,ID,2025-06,161.68,165.48,168.18,-3.799999999999983,-2.700000000000017,-6.5,-3.86
279,Michael Wiggins,Business,Churned,Westminster,CO,2025-06,107.45,106.91,108.85,0.5400000000000063,-1.9399999999999977,-1.3999999999999915,-1.29
280,Gregory Patel,Business,Churned,Westminster,CO,2025-06,165.31,165.94,164.76,-0.6299999999999955,1.1800000000000068,0.5500000000000114,0.33
281,Joshua Weber,Business,Active,Charlottesville,VA,2025-06,155.61,159.94,157.39,-4.329999999999984,2.5500000000000114,-1.7799999999999727,-1.13
282,Daniel Martinez,Residential,Active,Centennial,CO,2025-06,78.02,80.44,78.38,-2.4200000000000017,2.0600000000000023,-0.35999999999999943,-0.46
283,Edward Green,Business,Churned,Charlottesville,VA,2025-06,131.16,127.08,124.09,4.079999999999998,2.989999999999995,7.069999999999993,5.7
284,Dakota Brown,Business,Active,Westminster,CO,2025-06,86.52,89.23,86.44,-2.710000000000008,2.7900000000000063,0.0799999999999983,0.09
285,Miranda Caldwell,Business,Churned,Westminster,CO,2025-06,178.72,174.96,173.89,3.759999999999991,1.0700000000000216,4.8300000000000125,2.78
286,Shawn Ford,Business,Churned,Westminster,CO,2025-06,82.8,80.52,82.33,2.280000000000001,-1.8100000000000023,0.46999999999999886,0.57
287,Amanda Spencer,Business,Churned,Westminster,CO,2025-06,141.42,141.36,140.05,0.05999999999997385,1.3100000000000023,1.3699999999999761,0.98
288,Nancy Clark,Business,Active,Centennial,CO,2025-06,131.31,131.17,129.14,0.14000000000001478,2.030000000000001,2.170000000000016,1.68
289,Lisa Silva,Residential,Active,Wake Forest,NC,2025-06,141.34,144.63,143.81,-3.289999999999992,0.8199999999999932,-2.469999999999999,-1.72
290,Diana Vaughn,Residential,Active,Charlottesville,VA,2025-06,110.45,106.31,109.3,4.140000000000001,-2.989999999999995,1.1500000000000057,1.05
291,Joseph Jenkins,Residential,Churned,Wake Forest,NC,2025-06,159.24,162.47,160.8,-3.2299999999999898,1.6699999999999875,-1.5600000000000023,-0.97
292,Jeffrey Berry,Business,Active,Westminster,CO,2025-06,112.05,116.26,115.71,-4.210000000000008,0.5500000000000114,-3.6599999999999966,-3.16
293,Mr. Danny Harvey,Residential,Churned,Charlottesville,VA,2025-06,61.76,61.29,59.67,0.46999999999999886,1.6199999999999974,2.0899999999999963,3.5
294,Andrew Harris,Business,Churned,Charlottesville,VA,2025-06,72.44,75.72,72.79,-3.280000000000001,2.9299999999999926,-0.3500000000000085,-0.48
295,Austin Travis,Residential,Active,Westminster,CO,2025-06,125.59,123.12,124.07,2.469999999999999,-0.9499999999999886,1.5200000000000102,1.23
296,Allison Bird,Residential,Active,Sandpoint,ID,2025-06,128.78,128.48,128.25,0.30000000000001137,0.22999999999998977,0.5300000000000011,0.41
297,Jack Villa,Business,Active,Charlottesville,VA,2025-06,166.86,169.76,167.54,-2.8999999999999773,2.219999999999999,-0.6799999999999784,-0.41
298,Mariah Johnson,Business,Active,Wake Forest,NC,2025-06,159.83,157.91,158.73,1.920000000000016,-0.8199999999999932,1.1000000000000227,0.69
299,Jennifer Livingston,Residential,Churned,Sandpoint,ID,2025-06,67.89,66.25,66.96,1.6400000000000006,-0.7099999999999937,0.9300000000000068,1.39
300,Robert Green,Business,Active,Wake Forest,NC,2025-06,93.21,89.97,90.3,3.239999999999995,-0.3299999999999983,2.9099999999999966,3.22
301,Mark Taylor,Business,Active,Wake Forest,NC,2025-06,135.72,133.93,135.05,1.789999999999992,-1.1200000000000045,0.6699999999999875,0.5
302,Melissa Boone,Business,Active,Charlottesville,VA,2025-06,179.75,176.66,179.48,3.0900000000000034,-2.819999999999993,0.27000000000001023,0.15
303,Laura Prince,Residential,Churned,Charlottesville,VA,2025-06,76.32,73.45,71.91,2.8699999999999903,1.5400000000000063,4.409999999999997,6.13
304,Rhonda Webb,Residential,Active,Westminster,CO,2025-06,133.39,128.6,128.93,4.789999999999992,-0.3300000000000125,4.4599999999999795,3.46
305,Holly Chapman,Residential,Churned,Centennial,CO,2025-06,171.37,171.27,173.11,0.09999999999999432,-1.8400000000000034,-1.740000000000009,-1.01
306,Danielle Nguyen,Business,Churned,Wake Forest,NC,2025-06,63.86,61.78,62.74,2.0799999999999983,-0.9600000000000009,1.1199999999999974,1.79
307,Scott Parker,Business,Churned,Centennial,CO,2025-06,175.42,172.13,173.94,3.289999999999992,-1.8100000000000023,1.4799999999999898,0.85
308,Paige Romero,Business,Active,Charlottesville,VA,2025-06,101.1,100.84,99.04,0.2599999999999909,1.7999999999999972,2.059999999999988,2.08
309,James Phillips,Residential,Active,Charlottesville,VA,2025-06,65.35,67.04,67.14,-1.690000000000012,-0.09999999999999432,-1.7900000000000063,-2.67
310,Andrea Patrick,Business,Active,Sandpoint,ID,2025-06,97.28,98.35,98.76,-1.0699999999999932,-0.4100000000000108,-1.480000000000004,-1.5
311,Danny Berg,Residential,Churned,Westminster,CO,2025-06,146.7,149.04,151.81,-2.3400000000000034,-2.7700000000000102,-5.110000000000014,-3.37
312,Eddie Barajas,Residential,Churned,Westminster,CO,2025-06,67.11,66.47,63.68,0.6400000000000006,2.789999999999999,3.4299999999999997,5.39
313,Kenneth Bowman,Business,Churned,Wake Forest,NC,2025-06,132.12,130.84,128.66,1.2800000000000011,2.180000000000007,3.460000000000008,2.69
314,Eric Brown,Business,Churned,Sandpoint,ID,2025-06,147.82,143.91,145.63,3.9099999999999966,-1.7199999999999989,2.1899999999999977,1.5
315,Edward Armstrong,Business,Active,Charlottesville,VA,2025-06,146.4,148.1,147.87,-1.6999999999999886,0.22999999999998977,-1.4699999999999989,-0.99
316,Maxwell Medina,Residential,Active,Charlottesville,VA,2025-06,140.34,137.12,136.68,3.219999999999999,0.4399999999999977,3.6599999999999966,2.68
317,David Mosley,Business,Active,Wake Forest,NC,2025-06,98.65,101.84,99.69,-3.1899999999999977,2.1500000000000057,-1.039999999999992,-1.04
318,Jodi Fisher,Business,Churned,Charlottesville,VA,2025-06,104.32,107.44,107.88,-3.1200000000000045,-0.4399999999999977,-3.5600000000000023,-3.3
319,Sarah Jordan,Business,Active,Sandpoint,ID,2025-06,148.7,144.37,146.78,4.329999999999984,-2.4099999999999966,1.9199999999999875,1.31
320,Michael Campos,Business,Churned,Wake Forest,NC,2025-06,79.34,82.37,84.45,-3.030000000000001,-2.0799999999999983,-5.109999999999999,-6.05
321,Jennifer Jones,Residential,Churned,Wake Forest,NC,2025-06,154.98,158.12,157.15,-3.140000000000015,0.9699999999999989,-2.170000000000016,-1.38
322,Teresa Shelton,Residential,Active,Sandpoint,ID,2025-06,70.16,68.8,68.63,1.3599999999999994,0.1700000000000017,1.5300000000000011,2.23
323,James Harris,Residential,Active,Sandpoint,ID,2025-06,69.47,73.61,75.44,-4.140000000000001,-1.8299999999999983,-5.969999999999999,-7.91
324,Jessica Harmon,Residential,Active,Sandpoint,ID,2025-06,159.36,159.81,157.14,-0.44999999999998863,2.670000000000016,2.2200000000000273,1.41
325,Angela Richardson,Business,Active,Charlottesville,VA,2025-06,100.58,98.72,101.49,1.8599999999999994,-2.769999999999996,-0.9099999999999966,-0.9
326,Elijah Johnson,Residential,Churned,Westminster,CO,2025-06,167.17,164.58,163.76,2.589999999999975,0.8200000000000216,3.4099999999999966,2.08
327,James Smith,Business,Churned,Sandpoint,ID,2025-06,95.45,91.11,90.82,4.340000000000003,0.29000000000000625,4.63000000000001,5.1
328,Dennis Contreras,Business,Churned,Sandpoint,ID,2025-06,101.87,102.87,104.96,-1.0,-2.089999999999989,-3.089999999999989,-2.94
329,David Williams,Residential,Churned,Sandpoint,ID,2025-06,124.61,122.14,121.54,2.469999999999999,0.5999999999999943,3.069999999999993,2.53
330,Roger Nelson,Residential,Active,Sandpoint,ID,2025-06,168.51,167.81,167.05,0.6999999999999886,0.7599999999999909,1.4599999999999795,0.87
331,Sabrina Martin,Business,Active,Sandpoint,ID,2025-06,176.52,177.5,174.93,-0.9799999999999898,2.569999999999993,1.5900000000000034,0.91
332,Monica Williams,Residential,Active,Charlottesville,VA,2025-06,109.51,111.25,110.63,-1.7399999999999949,0.6200000000000045,-1.1199999999999903,-1.01
333,Robert Bailey,Residential,Churned,Wake Forest,NC,2025-06,122.08,118.72,119.19,3.3599999999999994,-0.46999999999999886,2.8900000000000006,2.42
334,Matthew White,Business,Active,Westminster,CO,2025-06,171.67,174.19,176.67,-2.5200000000000102,-2.4799999999999898,-5.0,-2.83
335,Jeremy Torres,Residential,Active,Charlottesville,VA,2025-06,167.17,162.99,160.44,4.179999999999978,2.5500000000000114,6.72999999999999,4.19
336,Matthew Parker,Business,Active,Wake Forest,NC,2025-06,73.22,72.76,72.97,0.45999999999999375,-0.20999999999999375,0.25,0.34
337,Jennifer Vargas,Residential,Churned,Sandpoint,ID,2025-06,163.98,166.45,163.61,-2.469999999999999,2.839999999999975,0.3699999999999761,0.23
338,Anna Jackson,Residential,Active,Sandpoint,ID,2025-06,164.16,166.17,164.44,-2.009999999999991,1.7299999999999898,-0.28000000000000114,-0.17
339,Jamie Black,Business,Active,Westminster,CO,2025-06,173.78,178.72,178.17,-4.939999999999998,0.5500000000000114,-4.389999999999986,-2.46
340,Chelsey Lee,Residential,Active,Charlottesville,VA,2025-06,155.97,151.12,150.48,4.849999999999994,0.6400000000000148,5.490000000000009,3.65
341,Eric Acosta,Residential,Churned,Sandpoint,ID,2025-06,129.87,131.3,133.14,-1.4300000000000068,-1.839999999999975,-3.269999999999982,-2.46
342,Tracy Rodriguez,Residential,Churned,Westminster,CO,2025-06,145.34,142.32,140.61,3.0200000000000102,1.7099999999999795,4.72999999999999,3.36
343,Ashley Fields,Business,Churned,Westminster,CO,2025-06,74.91,73.73,75.88,1.1799999999999926,-2.1499999999999915,-0.9699999999999989,-1.28
344,Christian Gomez,Residential,Churned,Sandpoint,ID,2025-06,69.26,68.29,71.02,0.9699999999999989,-2.7299999999999898,-1.759999999999991,-2.48
345,Mr. David Perkins,Business,Active,Sandpoint,ID,2025-06,104.91,107.24,104.57,-2.3299999999999983,2.6700000000000017,0.3400000000000034,0.33
346,Katherine Jackson,Residential,Churned,Westminster,CO,2025-06,132.03,130.51,128.03,1.5200000000000102,2.4799999999999898,4.0,3.12
347,Michael Green,Business,Active,Charlottesville,VA,2025-06,109.13,111.37,108.83,-2.240000000000009,2.5400000000000063,0.29999999999999716,0.28
348,Tiffany Howard,Residential,Churned,Wake Forest,NC,2025-06,120.16,121.41,121.01,-1.25,0.3999999999999915,-0.8500000000000085,-0.7
349,Katherine Meyer,Residential,Active,Sandpoint,ID,2025-06,69.89,72.27,73.34,-2.3799999999999955,-1.0700000000000074,-3.450000000000003,-4.7
350,Dalton Roach,Business,Churned,Wake Forest,NC,2025-06,161.15,160.52,160.63,0.6299999999999955,-0.10999999999998522,0.5200000000000102,0.32
351,Michael Barrett,Business,Churned,Wake Forest,NC,2025-06,105.07,100.31,101.92,4.759999999999991,-1.6099999999999994,3.1499999999999915,3.09
352,Mark Hansen,Business,Active,Centennial,CO,2025-06,114.88,113.05,114.31,1.8299999999999983,-1.2600000000000051,0.5699999999999932,0.5
353,John Brown,Residential,Active,Westminster,CO,2025-06,149.14,145.41,142.79,3.7299999999999898,2.6200000000000045,6.349999999999994,4.45
354,Todd Knight,Residential,Active,Wake Forest,NC,2025-06,66.1,64.59,62.24,1.509999999999991,2.3500000000000014,3.8599999999999923,6.2
355,Andrew Johnson,Residential,Churned,Sandpoint,ID,2025-06,161.35,164.78,163.71,-3.430000000000007,1.0699999999999932,-2.3600000000000136,-1.44
356,Richard Phillips,Residential,Churned,Sandpoint,ID,2025-06,130.76,132.88,131.73,-2.1200000000000045,1.1500000000000057,-0.9699999999999989,-0.74
357,Tiffany Franklin,Business,Active,Sandpoint,ID,2025-06,64.0,61.28,61.03,2.719999999999999,0.25,2.969999999999999,4.87
358,Amy King,Residential,Churned,Charlottesville,VA,2025-06,132.55,133.07,132.26,-0.5199999999999818,0.8100000000000023,0.29000000000002046,0.22
359,Shannon Frederick,Business,Active,Westminster,CO,2025-06,89.68,92.62,91.97,-2.9399999999999977,0.6500000000000057,-2.289999999999992,-2.49
360,Jennifer Mcconnell,Business,Churned,Charlottesville,VA,2025-06,151.75,152.74,150.97,-0.9900000000000091,1.7700000000000102,0.7800000000000011,0.52
361,Eugene Chambers,Business,Churned,Charlottesville,VA,2025-06,127.26,131.67,129.1,-4.409999999999982,2.569999999999993,-1.8399999999999892,-1.43
362,Adam Gray,Residential,Active,Westminster,CO,2025-06,78.54,75.89,77.27,2.6500000000000057,-1.3799999999999955,1.2700000000000102,1.64
363,Michele Poole,Residential,Active,Wake Forest,NC,2025-06,84.79,87.29,89.33,-2.5,-2.039999999999992,-4.539999999999992,-5.08
364,Kathryn Garcia,Business,Active,Westminster,CO,2025-06,100.89,96.48,97.76,4.409999999999997,-1.2800000000000011,3.1299999999999955,3.2
365,Jesus Austin,Business,Churned,Sandpoint,ID,2025-06,121.17,123.99,125.3,-2.819999999999993,-1.3100000000000023,-4.1299999999999955,-3.3
366,Michael Ross,Residential,Active,Westminster,CO,2025-06,139.22,142.48,140.18,-3.259999999999991,2.299999999999983,-0.960000000000008,-0.68
367,Jennifer Davis,Business,Active,Centennial,CO,2025-06,167.34,169.75,169.39,-2.4099999999999966,0.36000000000001364,-2.049999999999983,-1.21
368,Robert Campbell,Business,Active,Sandpoint,ID,2025-06,89.39,91.63,90.5,-2.239999999999995,1.1299999999999955,-1.1099999999999994,-1.23
369,Joshua Chapman,Residential,Active,Charlottesville,VA,2025-06,164.6,167.84,167.09,-3.240000000000009,0.75,-2.490000000000009,-1.49
370,Sarah White,Residential,Churned,Westminster,CO,2025-06,109.57,110.62,109.82,-1.0500000000000114,0.8000000000000114,-0.25,-0.23
371,Donna Harris,Residential,Churned,Westminster,CO,2025-06,149.51,151.53,150.71,-2.0200000000000102,0.8199999999999932,-1.200000000000017,-0.8
372,Luis Phillips,Residential,Active,Charlottesville,VA,2025-06,98.88,98.1,101.03,0.7800000000000011,-2.930000000000007,-2.1500000000000057,-2.13
373,Mark Moore,Residential,Active,Centennial,CO,2025-06,126.85,128.05,125.78,-1.200000000000017,2.2700000000000102,1.0699999999999932,0.85
374,Melissa Gray,Residential,Churned,Westminster,CO,2025-06,136.64,138.86,136.98,-2.2200000000000273,1.8800000000000239,-0.3400000000000034,-0.25
375,Donald Todd,Business,Churned,Centennial,CO,2025-06,92.73,89.24,90.9,3.490000000000009,-1.6600000000000108,1.8299999999999983,2.01
376,Cynthia Graves,Residential,Churned,Sandpoint,ID,2025-06,115.26,113.0,112.02,2.260000000000005,0.980000000000004,3.240000000000009,2.89
377,Albert Garcia,Business,Churned,Centennial,CO,2025-06,141.23,144.11,145.77,-2.880000000000024,-1.6599999999999966,-4.5400000000000205,-3.11
378,Cynthia Duarte,Business,Churned,Centennial,CO,2025-06,119.61,118.93,121.4,0.6799999999999926,-2.469999999999999,-1.7900000000000063,-1.47
379,Denise Silva,Residential,Active,Sandpoint,ID,2025-06,164.98,163.51,161.44,1.4699999999999989,2.069999999999993,3.539999999999992,2.19
380,James Hamilton,Residential,Churned,Wake Forest,NC,2025-06,77.32,79.3,77.5,-1.980000000000004,1.7999999999999972,-0.18000000000000682,-0.23
381,Joseph Howe,Residential,Churned,Westminster,CO,2025-06,80.68,85.31,82.66,-4.6299999999999955,2.6500000000000057,-1.9799999999999898,-2.4
382,Jamie Cooper,Business,Churned,Sandpoint,ID,2025-06,85.2,87.58,89.3,-2.3799999999999955,-1.7199999999999989,-4.099999999999994,-4.59
383,Elizabeth Castro,Residential,Churned,Wake Forest,NC,2025-06,94.1,95.81,93.26,-1.710000000000008,2.549999999999997,0.8399999999999892,0.9
384,Gwendolyn Klein,Residential,Active,Centennial,CO,2025-06,162.34,163.84,166.6,-1.5,-2.759999999999991,-4.259999999999991,-2.56
385,Mike Wood,Business,Active,Centennial,CO,2025-06,168.07,167.34,166.18,0.7299999999999898,1.1599999999999966,1.8899999999999864,1.14
386,Erica Bennett,Residential,Active,Westminster,CO,2025-06,107.07,105.53,103.97,1.539999999999992,1.5600000000000023,3.0999999999999943,2.98
387,Shelley Vang,Business,Churned,Wake Forest,NC,2025-06,146.17,150.26,152.32,-4.090000000000003,-2.0600000000000023,-6.150000000000006,-4.04
388,Matthew Carlson,Residential,Active,Charlottesville,VA,2025-06,179.07,174.72,173.28,4.349999999999994,1.4399999999999977,5.789999999999992,3.34
389,Dylan Brown,Business,Active,Wake Forest,NC,2025-06,109.19,104.7,103.31,4.489999999999995,1.3900000000000006,5.8799999999999955,5.69
390,Troy Nunez,Residential,Churned,Westminster,CO,2025-06,76.45,76.74,75.97,-0.28999999999999204,0.769999999999996,0.480000000000004,0.63
391,Jacqueline Baker,Residential,Active,Charlottesville,VA,2025-06,134.0,132.47,134.17,1.5300000000000011,-1.6999999999999886,-0.1699999999999875,-0.13
392,Sarah Myers,Residential,Active,Sandpoint,ID,2025-06,96.41,98.6,100.09,-2.1899999999999977,-1.490000000000009,-3.680000000000007,-3.68
393,Jordan Hunter,Residential,Active,Centennial,CO,2025-06,150.31,148.16,149.72,2.1500000000000057,-1.5600000000000023,0.5900000000000034,0.39
394,Gabriel Mathews,Residential,Active,Westminster,CO,2025-06,156.51,160.63,162.97,-4.1200000000000045,-2.3400000000000034,-6.460000000000008,-3.96
395,Scott White,Business,Active,Sandpoint,ID,2025-06,135.14,133.43,131.81,1.7099999999999795,1.6200000000000045,3.329999999999984,2.53
396,Melody Hopkins,Residential,Churned,Charlottesville,VA,2025-06,161.81,157.12,158.02,4.689999999999998,-0.9000000000000057,3.789999999999992,2.4
397,Lydia Cordova,Residential,Churned,Sandpoint,ID,2025-06,85.57,84.5,84.7,1.0699999999999932,-0.20000000000000284,0.8699999999999903,1.03
398,Matthew Ray,Residential,Active,Westminster,CO,2025-06,106.81,106.35,104.76,0.46000000000000796,1.5899999999999892,2.049999999999997,1.96
399,Ronald West,Residential,Churned,Charlottesville,VA,2025-06,176.9,179.04,178.75,-2.1399999999999864,0.28999999999999204,-1.8499999999999943,-1.03
400,Todd Miller,Residential,Churned,Sandpoint,ID,2025-06,133.4,131.24,128.63,2.1599999999999966,2.6100000000000136,4.77000000000001,3.71
401,Kelly Lawson,Residential,Churned,Charlottesville,VA,2025-06,155.87,159.79,157.73,-3.9199999999999875,2.0600000000000023,-1.8599999999999852,-1.18
402,Michael Moore,Residential,Active,Westminster,CO,2025-06,67.98,68.03,67.81,-0.04999999999999716,0.21999999999999886,0.1700000000000017,0.25
403,Alexis Roman,Business,Churned,Wake Forest,NC,2025-06,155.51,158.77,157.1,-3.2600000000000193,1.670000000000016,-1.5900000000000034,-1.01
404,Cassandra Tucker,Business,Active,Centennial,CO,2025-06,177.85,179.27,176.36,-1.420000000000016,2.9099999999999966,1.4899999999999807,0.84
405,Tanya Macdonald,Business,Churned,Sandpoint,ID,2025-06,86.7,84.58,84.38,2.1200000000000045,0.20000000000000284,2.3200000000000074,2.75
406,Theresa Price,Business,Churned,Centennial,CO,2025-06,132.64,130.62,131.21,2.019999999999982,-0.5900000000000034,1.4299999999999784,1.09
407,Melissa Austin,Business,Churned,Centennial,CO,2025-06,130.29,126.89,127.21,3.3999999999999915,-0.3199999999999932,3.0799999999999983,2.42
408,Kathryn Bray,Residential,Churned,Charlottesville,VA,2025-06,163.91,163.35,161.4,0.5600000000000023,1.9499999999999886,2.509999999999991,1.56
409,Brent Grant,Business,Active,Wake Forest,NC,2025-06,133.47,138.0,139.67,-4.530000000000001,-1.6699999999999875,-6.199999999999989,-4.44
410,Samantha Hoffman,Residential,Active,Charlottesville,VA,2025-06,78.08,76.77,76.24,1.3100000000000023,0.5300000000000011,1.8400000000000034,2.41
411,Monica Brown,Business,Active,Westminster,CO,2025-06,156.88,156.62,157.92,0.2599999999999909,-1.299999999999983,-1.039999999999992,-0.66
412,Thomas Warren,Residential,Active,Centennial,CO,2025-06,67.38,68.73,68.96,-1.3500000000000085,-0.22999999999998977,-1.5799999999999983,-2.29
413,Casey Hall,Residential,Churned,Wake Forest,NC,2025-06,124.46,122.18,123.33,2.279999999999987,-1.1499999999999915,1.1299999999999955,0.92
414,Bradley Olson,Residential,Active,Sandpoint,ID,2025-06,81.7,84.12,86.71,-2.4200000000000017,-2.589999999999989,-5.009999999999991,-5.78
415,Kelly Zhang,Business,Churned,Centennial,CO,2025-06,158.86,154.17,156.92,4.690000000000026,-2.75,1.9400000000000261,1.24
416,Michael Bray,Residential,Churned,Wake Forest,NC,2025-06,169.27,174.26,173.83,-4.989999999999981,0.4299999999999784,-4.560000000000002,-2.62
417,Amanda Mitchell,Business,Churned,Charlottesville,VA,2025-06,108.53,104.93,104.47,3.5999999999999943,0.46000000000000796,4.060000000000002,3.89
418,Shelley Fowler,Residential,Active,Wake Forest,NC,2025-06,175.7,172.87,174.13,2.829999999999984,-1.259999999999991,1.5699999999999932,0.9
419,Samantha Caldwell,Business,Churned,Westminster,CO,2025-06,142.15,144.13,141.38,-1.9799999999999898,2.75,0.7700000000000102,0.54
420,Michael Jones DDS,Business,Churned,Wake Forest,NC,2025-06,118.03,114.03,113.96,4.0,0.07000000000000739,4.070000000000007,3.57
421,William Mayer,Business,Churned,Wake Forest,NC,2025-06,128.67,126.32,127.06,2.3499999999999943,-0.7400000000000091,1.6099999999999852,1.27
422,Shane Brown,Residential,Churned,Westminster,CO,2025-06,128.25,128.66,130.04,-0.4099999999999966,-1.3799999999999955,-1.789999999999992,-1.38
423,Kelly Fisher,Business,Active,Wake Forest,NC,2025-06,108.41,112.6,114.08,-4.189999999999998,-1.480000000000004,-5.670000000000002,-4.97
424,Monica Smith,Business,Active,Charlottesville,VA,2025-06,61.36,61.98,61.6,-0.6199999999999974,0.37999999999999545,-0.240000000000002,-0.39
425,Angel Allen,Residential,Active,Westminster,CO,2025-06,70.41,74.83,77.2,-4.420000000000002,-2.3700000000000045,-6.790000000000006,-8.8
426,Lisa Moore,Business,Active,Sandpoint,ID,2025-06,164.92,164.66,165.61,0.2599999999999909,-0.950000000000017,-0.6900000000000261,-0.42
427,Catherine Martinez,Business,Active,Sandpoint,ID,2025-06,143.97,146.62,145.94,-2.6500000000000057,0.6800000000000068,-1.9699999999999989,-1.35
428,Laura Williams,Residential,Active,Wake Forest,NC,2025-06,167.67,169.96,168.47,-2.2900000000000205,1.490000000000009,-0.8000000000000114,-0.47
429,Tracy Perez,Business,Active,Centennial,CO,2025-06,104.67,102.0,104.44,2.6700000000000017,-2.4399999999999977,0.23000000000000398,0.22
430,Jeffrey Barber,Business,Churned,Centennial,CO,2025-06,76.92,72.54,75.32,4.3799999999999955,-2.779999999999987,1.6000000000000085,2.12
431,Patricia Cook,Business,Churned,Charlottesville,VA,2025-06,118.41,115.66,113.65,2.75,2.009999999999991,4.759999999999991,4.19
432,Bryan Ellis,Residential,Active,Sandpoint,ID,2025-06,78.67,79.8,79.92,-1.1299999999999955,-0.12000000000000455,-1.25,-1.56
433,Thomas Smith,Residential,Active,Westminster,CO,2025-06,158.78,160.63,159.23,-1.8499999999999943,1.4000000000000057,-0.44999999999998863,-0.28
434,Glenda Osborn,Business,Churned,Charlottesville,VA,2025-06,129.42,133.77,136.53,-4.350000000000023,-2.759999999999991,-7.110000000000014,-5.21
435,Ms. Crystal Schmidt,Residential,Active,Wake Forest,NC,2025-06,139.14,142.84,145.79,-3.700000000000017,-2.9499999999999886,-6.650000000000006,-4.56
436,Amanda Davis,Residential,Active,Wake Forest,NC,2025-06,81.87,78.3,79.21,3.5700000000000074,-0.9099999999999966,2.660000000000011,3.36
437,Cory Peterson,Residential,Active,Sandpoint,ID,2025-06,164.79,169.08,168.82,-4.2900000000000205,0.2600000000000193,-4.030000000000001,-2.39
438,Steven Hernandez,Business,Churned,Wake Forest,NC,2025-06,117.83,119.01,120.57,-1.1800000000000068,-1.559999999999988,-2.739999999999995,-2.27
439,Dr. Karen Mejia MD,Business,Churned,Westminster,CO,2025-06,111.06,115.77,118.52,-4.709999999999994,-2.75,-7.459999999999994,-6.29
440,Stephen Thomas,Residential,Active,Charlottesville,VA,2025-06,163.84,164.29,166.18,-0.44999999999998863,-1.8900000000000148,-2.3400000000000034,-1.41
441,Michael Kelly,Business,Active,Charlottesville,VA,2025-06,84.65,81.26,80.9,3.3900000000000006,0.35999999999999943,3.75,4.64
442,Tiffany Taylor,Business,Active,Westminster,CO,2025-06,82.65,80.54,78.79,2.1099999999999994,1.75,3.8599999999999994,4.9
443,Michael Graham,Business,Active,Sandpoint,ID,2025-06,162.87,160.32,161.59,2.5500000000000114,-1.2700000000000102,1.2800000000000011,0.79
444,Haley Douglas,Residential,Churned,Sandpoint,ID,2025-06,104.51,101.57,99.57,2.940000000000012,2.0,4.940000000000012,4.96
445,April Curry,Residential,Active,Westminster,CO,2025-06,113.61,110.56,113.26,3.049999999999997,-2.700000000000003,0.3499999999999943,0.31
446,Morgan Bennett,Residential,Active,Centennial,CO,2025-06,174.76,172.18,171.91,2.579999999999984,0.27000000000001023,2.8499999999999943,1.66
447,Teresa Rivera,Business,Churned,Charlottesville,VA,2025-06,82.29,77.9,76.67,4.390000000000001,1.230000000000004,5.6200000000000045,7.33
448,Alec Parker,Business,Active,Wake Forest,NC,2025-06,125.94,127.07,126.69,-1.1299999999999955,0.37999999999999545,-0.75,-0.59
449,Sarah Phillips,Business,Active,Westminster,CO,2025-06,89.62,89.24,87.41,0.38000000000000966,1.8299999999999983,2.210000000000008,2.53
450,Ellen Weaver,Residential,Active,Sandpoint,ID,2025-06,113.0,108.23,107.59,4.769999999999996,0.6400000000000006,5.409999999999997,5.03
451,Cristian Mayo,Business,Active,Charlottesville,VA,2025-06,112.95,111.9,113.05,1.0499999999999972,-1.1499999999999915,-0.09999999999999432,-0.09
452,Amber Wolfe,Residential,Churned,Centennial,CO,2025-06,142.91,140.91,140.69,2.0,0.21999999999999886,2.219999999999999,1.58
453,Geoffrey Cook,Residential,Churned,Wake Forest,NC,2025-06,80.65,84.5,84.07,-3.8499999999999943,0.4300000000000068,-3.4199999999999875,-4.07
454,Amy Holmes,Residential,Churned,Sandpoint,ID,2025-06,96.3,97.72,100.58,-1.4200000000000017,-2.8599999999999994,-4.280000000000001,-4.26
455,Ana Vaughn,Residential,Churned,Centennial,CO,2025-06,115.68,115.78,115.78,-0.09999999999999432,0.0,-0.09999999999999432,-0.09
456,Joshua Hicks,Residential,Active,Westminster,CO,2025-06,174.07,170.31,170.39,3.759999999999991,-0.07999999999998408,3.680000000000007,2.16
457,Elizabeth Mann,Business,Active,Sandpoint,ID,2025-06,62.37,60.98,58.71,1.3900000000000006,2.269999999999996,3.6599999999999966,6.23
458,Christopher Carpenter,Business,Active,Charlottesville,VA,2025-06,64.05,60.69,60.52,3.3599999999999994,0.1699999999999946,3.529999999999994,5.83
459,Dennis Maldonado,Residential,Churned,Charlottesville,VA,2025-06,169.24,165.06,164.02,4.180000000000007,1.039999999999992,5.219999999999999,3.18
460,John Moore,Residential,Churned,Wake Forest,NC,2025-06,154.11,153.17,155.33,0.9400000000000261,-2.160000000000025,-1.2199999999999989,-0.79
461,Paul Clay,Residential,Churned,Centennial,CO,2025-06,75.09,74.13,71.2,0.960000000000008,2.9299999999999926,3.8900000000000006,5.46
462,Karen Andrews,Business,Churned,Charlottesville,VA,2025-06,148.76,151.02,150.93,-2.2600000000000193,0.09000000000000341,-2.170000000000016,-1.44
463,Caitlin Robinson,Business,Churned,Centennial,CO,2025-06,111.89,113.79,115.86,-1.9000000000000057,-2.069999999999993,-3.969999999999999,-3.43
464,Laura Johnson,Business,Active,Sandpoint,ID,2025-06,122.94,125.87,128.63,-2.930000000000007,-2.759999999999991,-5.689999999999998,-4.42
465,Claudia Terrell,Business,Active,Sandpoint,ID,2025-06,63.34,66.6,65.54,-3.259999999999991,1.059999999999988,-2.200000000000003,-3.36
466,Kevin Molina,Business,Active,Wake Forest,NC,2025-06,171.43,169.79,167.8,1.6400000000000148,1.9899999999999807,3.6299999999999955,2.16
467,Danielle Nichols,Residential,Active,Wake Forest,NC,2025-06,152.43,151.58,151.47,0.8499999999999943,0.11000000000001364,0.960000000000008,0.63
468,Darlene Golden,Business,Churned,Centennial,CO,2025-06,90.3,94.35,95.46,-4.049999999999997,-1.1099999999999994,-5.159999999999997,-5.41
469,Laurie Wilson,Residential,Churned,Centennial,CO,2025-06,122.12,119.71,118.6,2.410000000000011,1.1099999999999994,3.5200000000000102,2.97
470,Michael King,Residential,Active,Charlottesville,VA,2025-06,164.45,164.88,164.68,-0.4300000000000068,0.19999999999998863,-0.2300000000000182,-0.14
471,Paul Gibson,Business,Active,Centennial,CO,2025-06,143.64,143.8,142.67,-0.160000000000025,1.1300000000000239,0.9699999999999989,0.68
472,Craig Mahoney,Business,Active,Centennial,CO,2025-06,166.45,162.3,165.15,4.149999999999977,-2.8499999999999943,1.299999999999983,0.79
473,Linda Powers,Residential,Churned,Westminster,CO,2025-06,62.48,67.43,68.6,-4.95000000000001,-1.1699999999999875,-6.119999999999997,-8.92
474,Jordan Wilson,Business,Churned,Westminster,CO,2025-06,143.4,143.22,145.56,0.18000000000000682,-2.3400000000000034,-2.1599999999999966,-1.48
475,Alexandria Mccarthy,Residential,Active,Westminster,CO,2025-06,67.33,69.42,66.94,-2.0900000000000034,2.480000000000004,0.39000000000000057,0.58
476,Erica Kelley,Residential,Churned,Wake Forest,NC,2025-06,73.74,70.78,73.42,2.9599999999999937,-2.6400000000000006,0.3199999999999932,0.44
477,Mrs. Audrey Nicholson MD,Business,Active,Westminster,CO,2025-06,166.67,163.93,163.05,2.7399999999999807,0.8799999999999955,3.619999999999976,2.22
478,Emma Gibson,Residential,Churned,Wake Forest,NC,2025-06,162.78,167.18,168.45,-4.400000000000006,-1.2699999999999818,-5.6699999999999875,-3.37
479,Calvin Sawyer,Business,Active,Wake Forest,NC,2025-06,63.52,61.84,64.78,1.6799999999999997,-2.9399999999999977,-1.259999999999998,-1.95
480,Ryan Kennedy,Business,Active,Wake Forest,NC,2025-06,104.13,108.63,108.35,-4.5,0.28000000000000114,-4.219999999999999,-3.89
481,Terry Brown,Business,Active,Wake Forest,NC,2025-06,73.53,74.04,76.14,-0.5100000000000051,-2.0999999999999943,-2.6099999999999994,-3.43
482,Valerie Brown,Business,Churned,Westminster,CO,2025-06,89.54,89.46,91.28,0.0800000000000125,-1.8200000000000074,-1.7399999999999949,-1.91
483,Hunter Hall,Residential,Active,Sandpoint,ID,2025-06,124.49,119.55,116.71,4.939999999999998,2.8400000000000034,7.780000000000001,6.67
484,Amy Murray,Business,Churned,Westminster,CO,2025-06,72.12,68.57,66.01,3.5500000000000114,2.559999999999988,6.109999999999999,9.26
485,Curtis Manning,Business,Churned,Centennial,CO,2025-06,107.47,108.82,107.69,-1.3499999999999943,1.1299999999999955,-0.21999999999999886,-0.2
486,Olivia Pace,Residential,Churned,Wake Forest,NC,2025-06,140.43,138.64,138.18,1.7900000000000205,0.45999999999997954,2.25,1.63
487,Caroline Moreno,Residential,Active,Wake Forest,NC,2025-06,116.31,111.9,111.87,4.409999999999997,0.030000000000001137,4.439999999999998,3.97
488,Brian Hall,Business,Churned,Charlottesville,VA,2025-06,112.53,108.24,106.64,4.290000000000006,1.5999999999999943,5.890000000000001,5.52
489,Margaret Ryan,Residential,Active,Charlottesville,VA,2025-06,106.83,101.88,100.09,4.950000000000003,1.789999999999992,6.739999999999995,6.73
490,Maureen Smith,Residential,Active,Charlottesville,VA,2025-06,70.31,68.79,69.94,1.519999999999996,-1.1499999999999915,0.37000000000000455,0.53
491,Olivia West,Residential,Churned,Sandpoint,ID,2025-06,79.45,75.93,77.11,3.519999999999996,-1.1799999999999926,2.3400000000000034,3.03
492,Sheena Jones,Residential,Active,Westminster,CO,2025-06,146.26,143.97,143.93,2.289999999999992,0.03999999999999204,2.329999999999984,1.62
493,Joshua Payne,Business,Churned,Charlottesville,VA,2025-06,82.92,85.7,83.87,-2.780000000000001,1.8299999999999983,-0.9500000000000028,-1.13
494,Mr. Brandon Moody,Business,Churned,Sandpoint,ID,2025-06,61.26,59.57,57.41,1.6899999999999977,2.1600000000000037,3.8500000000000014,6.71
495,Carolyn Gordon,Residential,Churned,Sandpoint,ID,2025-06,131.38,132.2,132.86,-0.8199999999999932,-0.660000000000025,-1.4800000000000182,-1.11
496,Kevin Zhang,Business,Active,Westminster,CO,2025-06,114.89,116.12,118.38,-1.230000000000004,-2.259999999999991,-3.489999999999995,-2.95
497,Justin Collins,Residential,Active,Wake Forest,NC,2025-06,118.74,116.66,118.83,2.0799999999999983,-2.1700000000000017,-0.09000000000000341,-0.08
498,Kimberly Lopez,Business,Churned,Wake Forest,NC,2025-06,138.31,136.16,134.7,2.1500000000000057,1.460000000000008,3.6100000000000136,2.68
499,Devon Harris,Business,Churned,Charlottesville,VA,2025-06,135.45,133.83,132.6,1.6199999999999761,1.2300000000000182,2.8499999999999943,2.15
500,Brian Norris,Residential,Churned,Centennial,CO,2025-06,91.74,95.06,96.98,-3.3200000000000074,-1.9200000000000017,-5.240000000000009,-5.4
